,precision,recall,f1-score,support
0,0.7786163522012579,0.9687010954616588,0.8633193863319386,639.0
1,0.869281045751634,0.43042071197411,0.5757575757575758,309.0
accuracy,0.7932489451476793,0.7932489451476793,0.7932489451476793,0.7932489451476793
macro avg,0.823948698976446,0.6995609037178845,0.7195384810447571,948.0
weighted avg,0.8081684516812855,0.7932489451476793,0.7695887961763711,948.0
