Metric,Value
Accuracy,0.7932489451476793
Precision,0.869281045751634
Recall,0.43042071197411
F1 Score,0.5757575757575758
RMSE,0.3916780760871461
